date,job,reference,totaljobs.com
12/06/18,"Job application - Field Sales Engineer - Distribution - North East

",1006,totaljobs.com
13/06/18,technical sales engineer,JO0000005486,totaljobs.com
14/06/18,"Internal Sales Engineer

",ML-EPR164815-T,totaljobs.com
15/06/18,"""Internal Sales Engineer

""",MM6780,totaljobs.com
16/06/18,"""""""Internal Sales Engineer

""""""",RTR68663ADFD,totaljobs.com
17/06/18,sales support engineer,WAL/9312,totaljobs.com
18/06/18,sales engineer,HazSAEEss,totaljobs.com
19/06/18,technical sales engineer,HazSAEEss,totaljobs.com
20/06/18,technical sales engineer,JB157810_5035849251,totaljobs.com
21/06/18,field sales engineer,1006,totaljobs.com
22/06/18,technical sales engineer,CV21,totaljobs.com
23/06/18,technical sales engineer,37500188,totaljobs.com
24/06/18,technical sales engineer,365201297,totaljobs.com
25/06/18,technical sales engineer,RTR68803y,totaljobs.com
26/06/18,technical sales engineer,JO0000014880,totaljobs.com
27/06/18,technical sales engineer,MC110,totaljobs.com
28/06/18,technical sales engineer,J289,totaljobs.com
29/06/18,technical sales engineer, DB69125A,totaljobs.com
30/06/18,technical sales engineer,130334DJ1_212192035,totaljobs.com
01/07/18,technical sales engineer,WECL-13,totaljobs.com
02/07/18,technical sales engineer,JSLO10843,totaljobs.com
03/07/18,technical sales engineer,WN6jhr5,totaljobs.com
04/07/18,technical sales engineer,JO0000014832,totaljobs.com
05/07/18,technical sales engineer,WN6jhr5uy,totaljobs.com
06/07/18,technical proposal engineer,JUL20180013,totaljobs.com
06/07/18,technical proposal engineer,898/11,totaljobs.com
07/08/18,technical proposal engineer,FH/HR/GE,totaljobs.com
08/07/18,technical proposal engineer,acsFsalapen,totaljobs.com
09/08/18,technical sales engineer,KA7_6674569251,totaljobs.com
10/07/18,technical sales engineer,acsFsalapen_2140590,totaljobs.com
11/07/18,technical sales engineer,SN12977_0786031351,totaljobs.com
12/07/18,technical sales engineer,SLWSALES_9225731351,totaljobs.com
13/07/18,technical sales engineer,EB5408,totaljobs.com
14/07/18,technical sales engineer,75/7981,totaljobs.com
15/07/18,technical sales engineer,RTR68598,totaljobs.com
16/07/18,technical sales engineer,RTR68600,totaljobs.com
17/07/18,technical sales engineer,HSExSalesEn,totaljobs.com
18/07/18,technical sales engineer,J4090,totaljobs.com
19/07/18,technical sales engineer,ElaineISE1907,totaljobs.com
20/07/18,technical sales engineer,"A4, VW Pa",totaljobs.com
21/07/18,technical sales engineer,FLUIDSAL,totaljobs.com
22/07/18,technical sales RFSales,FK/SalesEngineerJS,totaljobs.com
23/07/18,technical sales engineer,RFSales,totaljobs.com
24/07/18,technical sales engineer,37500275,totaljobs.com
25/07/18,technical sales engineer,J3567B,totaljobs.com
26/07/18,technical sales engineer,J3567B_3109952351,totaljobs.com
27/07/18,technical sales engineer,FH/HR/GE,totaljobs.com
28/07/18,technical sales engineer,J390003A,totaljobs.com
29/07/18,technical sales engineer,J4281,totaljobs.com
30/07/18,technical sales engineer,903263_1102072351,totaljobs.com
31/07/18,technical sales engineer,JSLO10940,totaljobs.com
01/08/18,technical sales engineer,RTR70894,totaljobs.com
02/08/18,technical sales engineer,4122,totaljobs.com
03/08/18,technical sales engineer,15246,totaljobs.com
04/08/18,technical sales engineer,OTRNH10082018,totaljobs.com
05/08/18,technical sales engineer,JWK990763205/08/18,totaljobs.com
06/08/18,IP market,attended business startup,totaljobs.com
07/08/18,technical sales engineer,tmp/asse/0118/sy,totaljobs.com
08/08/18,technical sales engineer,OTRMR07082018A,totaljobs.com
09/08/18,technical sales engineer,AB/HQ00006336,totaljobs.com
10/08/18,technical sales engineer,IP29001-DT,totaljobs.com
11/08/18,technical sales engineer,SK3777,totaljobs.com
12/08/18,technical sales engineer,RTR-70438,totaljobs.com
13/08/18,technical sales engineer,JO0000014963,totaljobs.com
14/08/18,technical sales engineer,50190916,totaljobs.com
15/08/18,technical sales engineer,MPTJ13915728,totaljobs.com
16/08/18,technical sales engineer,AH139,totaljobs.com
17/08/18,technical sales engineer,308/1086/01,totaljobs.com
18/08/18,technical sales engineer,J75533,totaljobs.com
19/08/18,technical sales engineer,3505,totaljobs.com
20/08/18,technical sales engineer,J75533,totaljobs.com
21/08/18,technical sales engineer,35055,totaljobs.com
22/08/18,technical sales engineer,salgaskim,totaljobs.com
23/08/18,technical sales engineer,RTR-69885C,totaljobs.com
24/08/18,technical sales engineer,J4366,totaljobs.com
25/08/18,technical sales engineer,E232344,totaljobs.com
26/08/18,technical sales engineer,JW198,totaljobs.com
27/08/18,technical sales engineer,AA0752,totaljobs.com
28/08/18,technical sales engineer,294 Penny,totaljobs.com
29/08/18,technical sales engineer,8820,totaljobs.com
30/08/18,technical sales engineer,BBBH11924,totaljobs.com
31/08/18,technical sales engineer,BH-88114-1,totaljobs.com
01/09/18,technical sales engineer,BH-88114-1,totaljobs.com
02/09/18,technical sales engineer,GMLonTSE2008,totaljobs.com
03/09/18,technical sales engineer,JO0000014963,totaljobs.com
04/09/18,technical sales engineer,RTR70173,totaljobs.com
05/09/18,technical sales engineer,JN -082018-144818,totaljobs.com
06/09/18,technical sales engineer,50190916,totaljobs.com
07/09/18,technical sales engineer,nnltd 55,totaljobs.com
08/09/18,technical sales engineer,BM,totaljobs.com
09/09/18,technical sales engineer,HSDAI,totaljobs.com
10/09/19,technical sales engineer,81_20180911123220,totaljobs.com
11/09/18,technical sales engineer,GMATECH0079,totaljobs.com
12/09/18,technical sales engineer,JO0000014963,totaljobs.com
13/09/18,technical sales engineer,JW170,totaljobs.com
14/09/18,technical sales engineer,J5086,totaljobs.com
15/09/18,technical sales engineer,BK109321,totaljobs.com
16/09/18,technical sales engineer,nnltd 55,totaljobs.com
17/09/18,technical sales engineer,RTR-72265,totaljobs.com
18/09/18,technical sales engineer,RTR70171,totaljobs.com
19/09/18,technical sales engineer,acsSengsal,totaljobs.com
20/09/18,technical sales engineer,JLH21410,totaljobs.com
21/09/18,technical sales engineer,83_20180912124259,totaljobs.com
22/09/18,technical sales engineer,284,totaljobs.com
23/09/18,technical sales engineer,12080015,totaljobs.com
24/09/18,technical sales engineer,WR HVAC,totaljobs.com
25/09/18,technical sales engineer,OY121269A,totaljobs.com
26/09,technical sales engineer,GMATECH0080,totaljobs.com
27/09/18,technical sales engineer,8044EE,totaljobs.com
28/09/18,technical sales engineer,JO0000015026,totaljobs.com
29/09/18,technical sales engineer,PR/000804,totaljobs.com
30/09/18,technical sales engineer,acsSengsal,totaljobs.com
01/10/18,technical sales engineer,VAC-42054,totaljobs.com
02/10/18,technical sales engineer,SG1832A6,totaljobs.com
03/10/18,technical sales engineer,308/1086/01,totaljobs.com
04/10/18,technical sales engineer,903661,totaljobs.com
05/10/18,technical sales engineer,853/18,totaljobs.com
06/10/18,technical sales engineer,903711,totaljobs.com
07/10/18,technical sales engineer,ML255b,totaljobs.com
08/10/18,technical sales engineer,50190916,totaljobs.com
09/10/18,technical sales engineer,308/1086/01,totaljobs.com
10/10/18,technical sales engineer,AH190,totaljobs.com
11/10/18,technical sales engineer,1744,totaljobs.com
12/10/18,technical sales engineer,J5729,totaljobs.com
13/10/18,technical sales engineer,OTRAE19092018,totaljobs.com
14/10/18,technical sales engineer,ASH17027WC,totaljobs.com
15/10/18,technical sales engineer,Hitchin,totaljobs.com
16/10/18,technical sales engineer,JLH21410,totaljobs.com
17/10/18,technical sales engineer,OTRBKJ17102018,totaljobs.com
18/10/18,technical sales engineer,230810/001,totaljobs.com
19/10/18,technical sales engineer,LO45,totaljobs.com
20/10/18,technical sales engineer,71088,totaljobs.com
21/10/18,technical sales engineer,909639,totaljobs.com
22/10/18,technical sales engineer,3065KB,totaljobs.com
23/10/18,technical sales engineer,MPTJ13952527,totaljobs.com
24/10/18,technical sales engineer,RADT-01,totaljobs.com
25/10/18,technical sales engineer,Distributor Sales BERELUX ,totaljobs.com
26/10/18,technical sales engineer,50190916,totaljobs.com
27/10/18,technical sales engineer,OTRJIN09102018,totaljobs.com
28/10/18,technical sales engineer,230810/001,totaljobs.com
29/10/18,technical sales engineer,ASH17027WC,totaljobs.com
30/10/18,technical sales engineer,83_20180912124259,totaljobs.com
31/10/18,technical sales engineer,JO0000014963,totaljobs.com
01/11/18,technical sales engineer,TJV8859b,totaljobs.com
02/11/18,technical sales engineer,RTR73829aa,totaljobs.com
03/11/18,technical sales engineer,JO0000014963,totaljobs.com
04/11/18,technical sales engineer,9874-LM,totaljobs.com
05/11/18,technical sales engineer,AH1010ISE,totaljobs.com
06/11/18,technical sales engineer,RE0622FS,totaljobs.com
07/11/18,technical sales engineer,69593,totaljobs.com
08/11/18,technical sales engineer,TJV8870,totaljobs.com
09/11/18,technical sales engineer,J2521:M4:GJ:GPSSE:NOV:D,totaljobs.com
10/11/18,technical sales engineer,AMC 2,totaljobs.com
11/11/18,technical sales engineer,JT0811PESHE,totaljobs.com
12/11/18,technical sales engineer,RTR74993,totaljobs.com
13/11/18,technical sales engineer,WIKAPSE_112018,totaljobs.com
14/11/18,technical sales engineer,J2521:M4:GJ:GPSSE:NOV:I,totaljobs.com
15/11/18,technical sales engineer,BK109321,totaljobs.com
16/11/18,technical sales engineer, WF TSE asp coating,totaljobs.com
17/12/18,technical sales engineer,"Church Crookham, Fleet (GU52)",totaljobs.com
18/11/18,technical sales engineer,J36341,totaljobs.com
19/11/18,technical sales engineer,SG1832A9,totaljobs.com
20/11/18,technical sales engineer,OTRAE16112018A,totaljobs.com
21/11/18,technical sales engineer,CTH,totaljobs.com
22/11/18,technical sales engineer,BH - 10424,totaljobs.com
23/11/18,technical sales engineer,38102531,totaljobs.com
24/11/18,technical sales engineer,GA040,totaljobs.com
25/11/18,technical sales engineer,PR/000804,totaljobs.com
26/11/18,technical sales engineer,acsSengsal,totaljobs.com
27/11/18,technical sales engineer,J36341,totaljobs.com
28/11/18,technical sales engineer,OTRJIN09102018,totaljobs.com
29/12/18,technical sales engineer,TRU00023454,totaljobs.com
30/11/18,technical sales engineer,89298,totaljobs.com
01/12/18,technical sales engineer,ISE,totaljobs.com
02/12/18,technical sales engineer,75868,totaljobs.com
03/12/15,technical sales engineer,3011-JH-ISE,totaljobs.com
04/12/18,technical sales engineer,21539 JHO,totaljobs.com
05/12/18,technical sales engineer,JC39,totaljobs.com
06/12/18,technical sales engineer,3065KB,totaljobs.com
07/12/18,technical sales engineer,DEDEDE,totaljobs.com
08/12/18,technical sales engineer,: WF/DJ bde beer,totaljobs.com
09/12/18,technical sales engineer,144648-8180-18312A,totaljobs.com
10/12/18,technical sales engineer,GCR-SE-WAKE,totaljobs.com
11/12/18,technical sales engineer,38102531,totaljobs.com
12/12/18,technical sales engineer,SB490,totaljobs.com
13/12/18,technical sales engineer,RCG Ltd. B1,totaljobs.com
14/12/18,technical sales engineer,294 Penny,totaljobs.com
15/12/18,technical sales engineer,8820,totaljobs.com
16/12/18,technical sales engineer,BBBH11924,totaljobs.com
17/12/18,technical sales engineer,BH-88114-1,totaljobs.com
18/12/18,technical sales engineer,BH-88114-1,totaljobs.com
19/12/18,technical sales engineer,GMLonTSE2008,totaljobs.com
20/12/18,technical sales engineer,JO0000014963,totaljobs.com
21/12/18,technical sales engineer,RTR70173,totaljobs.com
22/12/18,technical sales engineer,JN -082018-144818,totaljobs.com
23/12/18,technical sales engineer,50190916,totaljobs.com
24/12/18,technical sales engineer,nnltd 55,totaljobs.com
25/12/18,technical sales engineer,BM,totaljobs.com
26/12/18,technical sales engineer,HSDAI,totaljobs.com
27/12/18,technical sales engineer,81_20180911123220,totaljobs.com
28/12/18,technical sales engineer,GMATECH0079,totaljobs.com
29/12/18,technical sales engineer,JO0000014963,totaljobs.com
30/12/18,technical sales engineer,308/1086/01,totaljobs.com
31/12/18,technical sales engineer,J75533,totaljobs.com
01/01/19,technical sales engineer,3505,totaljobs.com
02/01/19,technical sales engineer,J75533,totaljobs.com
03/01/19,technical sales engineer,35055,totaljobs.com
04/01/19,technical sales engineer,salgaskim,totaljobs.com
05/01/19,technical sales engineer,RTR-69885C,totaljobs.com
06/01/19,technical sales engineer,J4366,totaljobs.com
07/01/19,technical sales engineer,E232344,totaljobs.com
08/01/19,technical sales engineer,JW198,totaljobs.com
,technical sales engineer,,totaljobs.com
,technical sales engineer,,totaljobs.com
,technical sales engineer,,totaljobs.com
,technical sales engineer,,totaljobs.com
,technical sales engineer,,totaljobs.com
,technical sales engineer,,totaljobs.com
,technical sales engineer,,totaljobs.com
,technical sales engineer,,totaljobs.com
,technical sales engineer,,totaljobs.com
,technical sales engineer,,totaljobs.com
,technical sales engineer,,totaljobs.com
,technical sales engineer,,totaljobs.com
,technical sales engineer,,totaljobs.com
,technical sales engineer,,totaljobs.com
,technical sales engineer,,totaljobs.com
,technical sales engineer,,totaljobs.com
,technical sales engineer,,totaljobs.com
,technical sales engineer,,totaljobs.com
,technical sales engineer,,totaljobs.com
,technical sales engineer,,totaljobs.com
,technical sales engineer,,totaljobs.com
,technical sales engineer,,totaljobs.com
,technical sales engineer,,totaljobs.com
,technical sales engineer,,totaljobs.com
,technical sales engineer,,totaljobs.com
,technical sales engineer,,totaljobs.com
,technical sales engineer,,totaljobs.com
,technical sales engineer,,totaljobs.com
,technical sales engineer,,totaljobs.com
,technical sales engineer,,totaljobs.com
,technical sales engineer,,totaljobs.com
,technical sales engineer,,totaljobs.com
,technical sales engineer,,totaljobs.com
,technical sales engineer,,totaljobs.com
,technical sales engineer,,totaljobs.com
,technical sales engineer,,totaljobs.com
,technical sales engineer,,totaljobs.com
,technical sales engineer,,totaljobs.com
,technical sales engineer,,totaljobs.com
,technical sales engineer,,totaljobs.com
,technical sales engineer,,totaljobs.com
,technical sales engineer,,totaljobs.com
,technical sales engineer,,totaljobs.com
,technical sales engineer,,totaljobs.com
,technical sales engineer,,totaljobs.com
,technical sales engineer,,totaljobs.com
,technical sales engineer,,totaljobs.com
,technical sales engineer,,totaljobs.com
,technical sales engineer,,totaljobs.com
,technical sales engineer,,totaljobs.com
,technical sales engineer,,totaljobs.com
,technical sales engineer,,totaljobs.com
,technical sales engineer,,totaljobs.com
,technical sales engineer,,totaljobs.com
,technical sales engineer,,totaljobs.com
,technical sales engineer,,totaljobs.com
,technical sales engineer,,totaljobs.com
,technical sales engineer,,totaljobs.com
,technical sales engineer,,totaljobs.com
,technical sales engineer,,totaljobs.com
,technical sales engineer,,totaljobs.com
,technical sales engineer,,totaljobs.com
,technical sales engineer,,totaljobs.com
,technical sales engineer,,totaljobs.com
,technical sales engineer,,totaljobs.com
,technical sales engineer,,totaljobs.com
,technical sales engineer,,totaljobs.com
,technical sales engineer,,totaljobs.com
,technical sales engineer,,totaljobs.com
,technical sales engineer,,totaljobs.com
,technical sales engineer,,totaljobs.com
,technical sales engineer,,totaljobs.com
,technical sales engineer,,totaljobs.com
,technical sales engineer,,totaljobs.com
,technical sales engineer,,totaljobs.com
,technical sales engineer,,totaljobs.com
,technical sales engineer,,totaljobs.com
,technical sales engineer,,totaljobs.com
,technical sales engineer,,totaljobs.com
,technical sales engineer,,totaljobs.com
,technical sales engineer,,totaljobs.com
,,,totaljobs.com
,,,totaljobs.com
,,,totaljobs.com
,,,totaljobs.com
,,,totaljobs.com
,,,totaljobs.com
,,,totaljobs.com
,,,totaljobs.com
,,,totaljobs.com
,,,totaljobs.com
,,,totaljobs.com
,,,totaljobs.com
,,,totaljobs.com
,,,totaljobs.com
,,,totaljobs.com
,,,totaljobs.com
,,,totaljobs.com
,,,totaljobs.com
,,,totaljobs.com
,,,totaljobs.com
,,,totaljobs.com
,,,totaljobs.com
,,,totaljobs.com
,,,totaljobs.com
,,,totaljobs.com
,,,totaljobs.com
,,,totaljobs.com
,,,totaljobs.com
,,,totaljobs.com
,,,totaljobs.com
,,,totaljobs.com
,,,totaljobs.com
,,,totaljobs.com
,,,totaljobs.com
,,,totaljobs.com
,,,totaljobs.com
,,,totaljobs.com
,,,totaljobs.com
,,,totaljobs.com
,,,totaljobs.com
,,,totaljobs.com
,,,totaljobs.com
,,,totaljobs.com
,,,totaljobs.com
,,,totaljobs.com
,,,totaljobs.com
,,,totaljobs.com
,,,totaljobs.com
,,,totaljobs.com
,,,totaljobs.com
,,,totaljobs.com
,,,totaljobs.com
,,,totaljobs.com
,,,totaljobs.com
,,,totaljobs.com
,,,totaljobs.com
,,,totaljobs.com
,,,totaljobs.com
,,,totaljobs.com
,,,totaljobs.com
,,,totaljobs.com
,,,totaljobs.com
,,,totaljobs.com
,,,totaljobs.com
,,,totaljobs.com
,,,totaljobs.com
,,,totaljobs.com
,,,totaljobs.com
,,,totaljobs.com
,,,totaljobs.com
,,,totaljobs.com
,,,totaljobs.com
,,,totaljobs.com
,,,totaljobs.com
,,,totaljobs.com
,,,totaljobs.com
,,,totaljobs.com
,,,totaljobs.com
,,,totaljobs.com
,,,totaljobs.com
,,,totaljobs.com
,,,totaljobs.com
,,,totaljobs.com
,,,totaljobs.com
,,,totaljobs.com
,,,totaljobs.com
,,,totaljobs.com
,,,totaljobs.com
,,,totaljobs.com
,,,totaljobs.com
,,,totaljobs.com
,,,totaljobs.com
,,,totaljobs.com
,,,totaljobs.com
,,,totaljobs.com
,,,totaljobs.com
,,,totaljobs.com
,,,totaljobs.com
,,,totaljobs.com
,,,totaljobs.com
,,,totaljobs.com
,,,totaljobs.com
,,,totaljobs.com
,,,totaljobs.com
,,,totaljobs.com
,,,totaljobs.com
,,,totaljobs.com
,,,totaljobs.com
,,,totaljobs.com
,,,totaljobs.com
,,,totaljobs.com
,,,totaljobs.com
,,,totaljobs.com
,,,totaljobs.com
,,,totaljobs.com
,,,totaljobs.com
,,,totaljobs.com
,,,totaljobs.com
,,,totaljobs.com
,,,totaljobs.com
,,,totaljobs.com
,,,totaljobs.com
,,,totaljobs.com
,,,totaljobs.com
,,,totaljobs.com
,,,totaljobs.com
,,,totaljobs.com
,,,totaljobs.com
,,,totaljobs.com
,,,totaljobs.com
,,,totaljobs.com
,,,totaljobs.com
,,,totaljobs.com
,,,totaljobs.com
,,,totaljobs.com
,,,totaljobs.com
,,,totaljobs.com
,,,totaljobs.com
,,,totaljobs.com
,,,totaljobs.com
,,,totaljobs.com
,,,totaljobs.com
,,,totaljobs.com
,,,totaljobs.com
,,,totaljobs.com
,,,totaljobs.com
,,,totaljobs.com
,,,totaljobs.com
,,,totaljobs.com
,,,totaljobs.com
,,,totaljobs.com
,,,totaljobs.com
,,,totaljobs.com
,,,totaljobs.com
,,,totaljobs.com
,,,totaljobs.com
,,,totaljobs.com
,,,totaljobs.com
,,,totaljobs.com
,,,totaljobs.com
,,,totaljobs.com
,,,totaljobs.com
,,,totaljobs.com
,,,totaljobs.com
,,,totaljobs.com
,,,totaljobs.com
,,,totaljobs.com
,,,totaljobs.com
,,,totaljobs.com
,,,totaljobs.com
,,,totaljobs.com
,,,totaljobs.com
,,,totaljobs.com
,,,totaljobs.com
,,,totaljobs.com
,,,totaljobs.com
,,,totaljobs.com
,,,totaljobs.com
,,,totaljobs.com
,,,totaljobs.com
,,,totaljobs.com
,,,totaljobs.com
,,,totaljobs.com
,,,totaljobs.com
,,,totaljobs.com
,,,totaljobs.com
,,,totaljobs.com
,,,totaljobs.com
,,,totaljobs.com
,,,totaljobs.com
,,,totaljobs.com
,,,totaljobs.com
,,,totaljobs.com
,,,totaljobs.com
,,,totaljobs.com
,,,totaljobs.com
,,,totaljobs.com
,,,totaljobs.com
,,,totaljobs.com
,,,totaljobs.com
,,,totaljobs.com
,,,totaljobs.com
,,,totaljobs.com
,,,totaljobs.com
,,,totaljobs.com
,,,totaljobs.com
,,,totaljobs.com
,,,totaljobs.com
,,,totaljobs.com
,,,totaljobs.com
,,,totaljobs.com
,,,totaljobs.com
,,,totaljobs.com
,,,totaljobs.com
,,,totaljobs.com
,,,totaljobs.com
,,,totaljobs.com
,,,totaljobs.com
,,,totaljobs.com
,,,totaljobs.com
,,,totaljobs.com
,,,totaljobs.com
,,,totaljobs.com
,,,totaljobs.com
,,,totaljobs.com
,,,totaljobs.com
,,,totaljobs.com
,,,totaljobs.com
,,,totaljobs.com
,,,totaljobs.com
,,,totaljobs.com
,,,totaljobs.com
,,,totaljobs.com
,,,totaljobs.com
,,,totaljobs.com
,,,totaljobs.com
,,,totaljobs.com
,,,totaljobs.com
,,,totaljobs.com
,,,totaljobs.com
,,,totaljobs.com
,,,totaljobs.com
,,,totaljobs.com
,,,totaljobs.com
,,,totaljobs.com
,,,totaljobs.com
,,,totaljobs.com
,,,totaljobs.com
,,,totaljobs.com
,,,totaljobs.com
,,,totaljobs.com
,,,totaljobs.com
,,,totaljobs.com
,,,totaljobs.com
,,,totaljobs.com
,,,totaljobs.com
,,,totaljobs.com
,,,totaljobs.com
,,,totaljobs.com
,,,totaljobs.com
,,,totaljobs.com
,,,totaljobs.com
,,,totaljobs.com
,,,totaljobs.com
,,,totaljobs.com
,,,totaljobs.com
,,,totaljobs.com
,,,totaljobs.com
,,,totaljobs.com
,,,totaljobs.com
,,,totaljobs.com
,,,totaljobs.com
,,,totaljobs.com
,,,totaljobs.com
,,,totaljobs.com
,,,totaljobs.com
,,,totaljobs.com
,,,totaljobs.com
,,,totaljobs.com
,,,totaljobs.com
,,,totaljobs.com
,,,totaljobs.com
,,,totaljobs.com
,,,totaljobs.com
,,,totaljobs.com
,,,totaljobs.com
,,,totaljobs.com
,,,totaljobs.com
,,,totaljobs.com
,,,totaljobs.com
,,,totaljobs.com
,,,totaljobs.com
,,,totaljobs.com
,,,totaljobs.com
,,,totaljobs.com
,,,totaljobs.com
,,,totaljobs.com
,,,totaljobs.com
,,,totaljobs.com
,,,totaljobs.com
,,,totaljobs.com
,,,totaljobs.com
,,,totaljobs.com
,,,totaljobs.com
,,,totaljobs.com
,,,totaljobs.com
,,,totaljobs.com
,,,totaljobs.com
,,,totaljobs.com
,,,totaljobs.com
,,,totaljobs.com
,,,totaljobs.com
,,,totaljobs.com
,,,totaljobs.com
,,,totaljobs.com
,,,totaljobs.com
,,,totaljobs.com
,,,totaljobs.com
,,,totaljobs.com
,,,totaljobs.com
,,,totaljobs.com
,,,totaljobs.com
,,,totaljobs.com
,,,totaljobs.com
,,,totaljobs.com
,,,totaljobs.com
,,,totaljobs.com
,,,totaljobs.com
,,,totaljobs.com
,,,totaljobs.com
,,,totaljobs.com
,,,totaljobs.com
,,,totaljobs.com
,,,totaljobs.com
,,,totaljobs.com
,,,totaljobs.com
,,,totaljobs.com
,,,totaljobs.com
,,,totaljobs.com
,,,totaljobs.com
,,,totaljobs.com
,,,totaljobs.com
,,,totaljobs.com
,,,totaljobs.com
,,,totaljobs.com
,,,totaljobs.com
,,,totaljobs.com
,,,totaljobs.com
,,,totaljobs.com
,,,totaljobs.com
,,,totaljobs.com
,,,totaljobs.com
,,,totaljobs.com
,,,totaljobs.com
,,,totaljobs.com
,,,totaljobs.com
,,,totaljobs.com
,,,totaljobs.com
,,,totaljobs.com
,,,totaljobs.com
,,,totaljobs.com
,,,totaljobs.com
,,,totaljobs.com
,,,totaljobs.com
,,,totaljobs.com
,,,totaljobs.com
,,,totaljobs.com
,,,totaljobs.com
,,,totaljobs.com
,,,totaljobs.com
,,,totaljobs.com
,,,totaljobs.com
,,,totaljobs.com
,,,totaljobs.com
,,,totaljobs.com
,,,totaljobs.com
,,,totaljobs.com
,,,totaljobs.com
,,,totaljobs.com
,,,totaljobs.com
,,,totaljobs.com
,,,totaljobs.com
,,,totaljobs.com
,,,totaljobs.com
,,,totaljobs.com
,,,totaljobs.com
,,,totaljobs.com
,,,totaljobs.com
,,,totaljobs.com
,,,totaljobs.com
,,,totaljobs.com
,,,totaljobs.com
,,,totaljobs.com
,,,totaljobs.com
,,,totaljobs.com
,,,totaljobs.com
,,,totaljobs.com
,,,totaljobs.com
,,,totaljobs.com
,,,totaljobs.com
,,,totaljobs.com
,,,totaljobs.com
,,,totaljobs.com
,,,totaljobs.com
,,,totaljobs.com
,,,totaljobs.com
,,,totaljobs.com
,,,totaljobs.com
,,,totaljobs.com
,,,totaljobs.com
,,,totaljobs.com
,,,totaljobs.com
,,,totaljobs.com
,,,totaljobs.com
,,,totaljobs.com
,,,totaljobs.com
,,,totaljobs.com
,,,totaljobs.com
,,,totaljobs.com
,,,totaljobs.com
,,,totaljobs.com
,,,totaljobs.com
,,,totaljobs.com
,,,totaljobs.com
,,,totaljobs.com
,,,totaljobs.com
,,,totaljobs.com
,,,totaljobs.com
,,,totaljobs.com
,,,totaljobs.com
,,,totaljobs.com
,,,totaljobs.com
,,,totaljobs.com
,,,totaljobs.com
,,,totaljobs.com
,,,totaljobs.com
,,,totaljobs.com
,,,totaljobs.com
,,,totaljobs.com
,,,totaljobs.com
,,,totaljobs.com
,,,totaljobs.com
,,,totaljobs.com
,,,totaljobs.com
,,,totaljobs.com
,,,totaljobs.com
,,,totaljobs.com
,,,totaljobs.com
,,,totaljobs.com
,,,totaljobs.com
,,,totaljobs.com
,,,totaljobs.com
,,,totaljobs.com
,,,totaljobs.com
,,,totaljobs.com
,,,totaljobs.com
,,,totaljobs.com
,,,totaljobs.com
,,,totaljobs.com
,,,totaljobs.com
,,,totaljobs.com
,,,totaljobs.com
,,,totaljobs.com
,,,totaljobs.com
,,,totaljobs.com
,,,totaljobs.com
,,,totaljobs.com
,,,totaljobs.com
,,,totaljobs.com
,,,totaljobs.com
,,,totaljobs.com
,,,totaljobs.com
,,,totaljobs.com
,,,totaljobs.com
,,,totaljobs.com
,,,totaljobs.com
,,,totaljobs.com
,,,totaljobs.com
,,,totaljobs.com
,,,totaljobs.com
,,,totaljobs.com
,,,totaljobs.com
,,,totaljobs.com
,,,totaljobs.com
,,,totaljobs.com
,,,totaljobs.com
,,,totaljobs.com
,,,totaljobs.com
,,,totaljobs.com
,,,totaljobs.com
,,,totaljobs.com
,,,totaljobs.com
,,,totaljobs.com
,,,totaljobs.com
,,,totaljobs.com
,,,totaljobs.com
,,,totaljobs.com
,,,totaljobs.com
,,,totaljobs.com
,,,totaljobs.com
,,,totaljobs.com
,,,totaljobs.com
,,,totaljobs.com
,,,totaljobs.com
,,,totaljobs.com
,,,totaljobs.com
,,,totaljobs.com
,,,totaljobs.com
,,,totaljobs.com
,,,totaljobs.com
,,,totaljobs.com
,,,totaljobs.com
,,,totaljobs.com
,,,totaljobs.com
,,,totaljobs.com
,,,totaljobs.com
,,,totaljobs.com
,,,totaljobs.com
,,,totaljobs.com
,,,totaljobs.com
,,,totaljobs.com
,,,totaljobs.com
,,,totaljobs.com
,,,totaljobs.com
,,,totaljobs.com
,,,totaljobs.com
,,,totaljobs.com
,,,totaljobs.com
,,,totaljobs.com
,,,totaljobs.com
,,,totaljobs.com
,,,totaljobs.com
,,,totaljobs.com
,,,totaljobs.com
,,,totaljobs.com
,,,totaljobs.com
,,,totaljobs.com
,,,totaljobs.com
,,,totaljobs.com
,,,totaljobs.com
,,,totaljobs.com
,,,totaljobs.com
,,,totaljobs.com
,,,totaljobs.com
,,,totaljobs.com
,,,totaljobs.com
,,,totaljobs.com
,,,totaljobs.com
,,,totaljobs.com
,,,totaljobs.com
,,,totaljobs.com
,,,totaljobs.com
,,,totaljobs.com
,,,totaljobs.com
,,,totaljobs.com
,,,totaljobs.com
,,,totaljobs.com
,,,totaljobs.com
,,,totaljobs.com
,,,totaljobs.com
,,,totaljobs.com
,,,totaljobs.com
,,,totaljobs.com
,,,totaljobs.com
,,,totaljobs.com
,,,totaljobs.com
,,,totaljobs.com
,,,totaljobs.com
,,,totaljobs.com
,,,totaljobs.com
,,,totaljobs.com
,,,totaljobs.com
,,,totaljobs.com
,,,totaljobs.com
,,,totaljobs.com
,,,totaljobs.com
,,,totaljobs.com
,,,totaljobs.com
,,,totaljobs.com
,,,totaljobs.com
,,,totaljobs.com
,,,totaljobs.com
,,,totaljobs.com
,,,totaljobs.com
,,,totaljobs.com
,,,totaljobs.com
,,,totaljobs.com
,,,totaljobs.com
,,,totaljobs.com
,,,totaljobs.com
,,,totaljobs.com
,,,totaljobs.com
,,,totaljobs.com
,,,totaljobs.com
,,,totaljobs.com
,,,totaljobs.com
,,,totaljobs.com
,,,totaljobs.com
,,,totaljobs.com
,,,totaljobs.com
,,,totaljobs.com
,,,totaljobs.com
,,,totaljobs.com
,,,totaljobs.com
,,,totaljobs.com
,,,totaljobs.com
,,,totaljobs.com
,,,totaljobs.com
,,,totaljobs.com
,,,totaljobs.com
,,,totaljobs.com
,,,totaljobs.com
,,,totaljobs.com
,,,totaljobs.com
,,,totaljobs.com
,,,totaljobs.com
,,,totaljobs.com
,,,totaljobs.com
,,,totaljobs.com
,,,totaljobs.com
,,,totaljobs.com
,,,totaljobs.com
,,,totaljobs.com
,,,totaljobs.com
,,,totaljobs.com
,,,totaljobs.com
,,,totaljobs.com
,,,totaljobs.com
,,,totaljobs.com
,,,totaljobs.com
,,,totaljobs.com
,,,totaljobs.com
,,,totaljobs.com
,,,totaljobs.com
,,,totaljobs.com
,,,totaljobs.com
,,,totaljobs.com
,,,totaljobs.com
,,,totaljobs.com
,,,totaljobs.com
,,,totaljobs.com
,,,totaljobs.com
,,,totaljobs.com
,,,totaljobs.com
,,,totaljobs.com
,,,totaljobs.com
,,,totaljobs.com
,,,totaljobs.com
,,,totaljobs.com
,,,totaljobs.com
,,,totaljobs.com
,,,totaljobs.com
,,,totaljobs.com
,,,totaljobs.com
,,,totaljobs.com
,,,totaljobs.com
,,,totaljobs.com
,,,totaljobs.com
,,,totaljobs.com
,,,totaljobs.com
,,,totaljobs.com
,,,totaljobs.com
,,,totaljobs.com
,,,totaljobs.com
,,,totaljobs.com
,,,totaljobs.com
,,,totaljobs.com
,,,totaljobs.com
,,,totaljobs.com
,,,totaljobs.com
,,,totaljobs.com
,,,totaljobs.com
,,,totaljobs.com
,,,totaljobs.com
,,,totaljobs.com
,,,totaljobs.com
,,,totaljobs.com
,,,totaljobs.com
,,,totaljobs.com
,,,totaljobs.com
,,,totaljobs.com
,,,totaljobs.com
,,,totaljobs.com
,,,totaljobs.com
,,,totaljobs.com
,,,totaljobs.com
,,,totaljobs.com
,,,totaljobs.com
,,,totaljobs.com
,,,totaljobs.com
,,,totaljobs.com
,,,totaljobs.com
,,,totaljobs.com
,,,totaljobs.com
,,,totaljobs.com
,,,totaljobs.com
,,,totaljobs.com
,,,totaljobs.com
,,,totaljobs.com
,,,totaljobs.com
,,,totaljobs.com
,,,totaljobs.com
,,,totaljobs.com
,,,totaljobs.com
,,,totaljobs.com
,,,totaljobs.com